date,source,item,capacity_gb,price_usd,price_per_gb,unit,change_pct,d30_pct,yoy_pct,source_label,as_of,flag
2026-09-16,memoryindex,HBM3-24G,24,200.18,8.34,,0.18,,,,,
2026-09-16,memoryindex,HBM3E-36G,36,299.93,8.33,,0.1,,,,,
2026-09-16,memoryindex,HBM4-48G,48,500.73,10.43,,0.27,,,,,
2026-09-17,memoryindex,HBM3-24G,24,200.09,8.34,,-0.04,,,,,
2026-09-17,memoryindex,HBM3E-36G,36,299.01,8.31,,-0.31,,,,,
2026-09-17,memoryindex,HBM4-48G,48,497.65,10.37,,-0.62,,,,,
2026-09-18,memoryindex,HBM3-24G,24,199.75,8.32,,-0.17,,,,,
2026-09-18,memoryindex,HBM3E-36G,36,2107,58.53,,0.64,,,,,basis_break
2026-09-18,memoryindex,HBM4-48G,48,3474,72.38,,-0.27,,,,,basis_break
2026-09-21,memoryindex,HBM3-24G,24,199.88,8.33,USD / stack,-0.2,-0.2,4,Silicon Analysts HBM pricing table,2026-07,
2026-09-21,memoryindex,HBM3E-36G,36,2108,58.56,USD / stack,0.07,0.07,14,TrendForce citing Seoul Economic Daily spot-market reporting,2026-09-01,
2026-09-21,memoryindex,HBM4-48G,48,3507,73.06,USD / stack,-0.09,0.75,0,TrendForce citing Seoul Economic Daily spot-market reporting,2026-09-01,
2026-09-23,memoryindex,HBM3-24G,24,199.85,8.33,USD / stack,-0.26,0.19,4,Silicon Analysts HBM pricing table,2026-07,
2026-09-23,memoryindex,HBM3E-36G,36,2093,58.14,USD / stack,-0.21,-0.03,14,TrendForce citing Seoul Economic Daily spot-market reporting,2026-09-01,
2026-09-23,memoryindex,HBM4-48G,48,3500,72.92,USD / stack,-0.06,0.31,0,TrendForce citing Seoul Economic Daily spot-market reporting,2026-09-01,
2026-09-28,memoryindex,HBM3-24G,24,199.96,8.33,USD / stack,-0.16,-0.13,4,Silicon Analysts HBM pricing table,2026-07,
2026-09-28,memoryindex,HBM3E-36G,36,2094,58.17,USD / stack,0.03,-0.29,14,TrendForce citing Seoul Economic Daily spot-market reporting,2026-09-01,
2026-09-28,memoryindex,HBM4-48G,48,3496,72.83,USD / stack,0.21,-0.26,0,TrendForce citing Seoul Economic Daily spot-market reporting,2026-09-01,
2026-09-29,memoryindex,HBM3-24G,24,199.99,8.33,USD / stack,0.01,0.11,4,Silicon Analysts HBM pricing table,2026-07,
2026-09-29,memoryindex,HBM3E-36G,36,2102,58.39,USD / stack,0.41,0.21,14,TrendForce citing Seoul Economic Daily spot-market reporting,2026-09-01,
2026-09-29,memoryindex,HBM4-48G,48,3505,73.02,USD / stack,0.27,0.71,0,TrendForce citing Seoul Economic Daily spot-market reporting,2026-09-01,
2026-09-30,memoryindex,HBM3-24G,24,199.64,8.32,USD / stack,-0.17,-0.14,4,Silicon Analysts HBM pricing table,2026-07,
2026-09-30,memoryindex,HBM3E-36G,36,2100,58.33,USD / stack,-0.12,-0.46,14,TrendForce citing Seoul Economic Daily spot-market reporting,2026-09-01,
2026-09-30,memoryindex,HBM4-48G,48,3479,72.48,USD / stack,-0.75,-0.08,0,TrendForce citing Seoul Economic Daily spot-market reporting,2026-09-01,
2026-10-01,memoryindex,HBM3-24G,24,199.67,8.32,USD / stack,0.02,-0.12,4,Silicon Analysts HBM pricing table,2026-07,
2026-10-01,memoryindex,HBM3E-36G,36,2101,58.36,USD / stack,0.06,-0.19,14,TrendForce citing Seoul Economic Daily spot-market reporting,2026-09-01,
2026-10-01,memoryindex,HBM4-48G,48,3473,72.35,USD / stack,-0.17,-1.02,0,TrendForce citing Seoul Economic Daily spot-market reporting,2026-09-01,
2026-10-02,memoryindex,HBM3-24G,24,199.79,8.32,USD / stack,0.06,-0.38,4,Silicon Analysts HBM pricing table,2026-07,
2026-10-02,memoryindex,HBM3E-36G,36,2100,58.33,USD / stack,-0.04,0.21,14,TrendForce citing Seoul Economic Daily spot-market reporting,2026-09-01,
2026-10-02,memoryindex,HBM4-48G,48,3481,72.52,USD / stack,0.22,-0.22,0,TrendForce citing Seoul Economic Daily spot-market reporting,2026-09-01,
2026-10-03,memoryindex,HBM3-24G,24,199.76,8.32,USD / stack,-0.01,-0.49,4,Silicon Analysts HBM pricing table,2026-07,
2026-10-03,memoryindex,HBM3E-36G,36,2100,58.33,USD / stack,-0.01,0.18,14,TrendForce citing Seoul Economic Daily spot-market reporting,2026-09-01,
2026-10-03,memoryindex,HBM4-48G,48,3477,72.44,USD / stack,-0.12,-0.6,0,TrendForce citing Seoul Economic Daily spot-market reporting,2026-09-01,
2026-10-04,memoryindex,HBM3-24G,24,199.96,8.33,USD / stack,0.1,-0.36,4,Silicon Analysts HBM pricing table,2026-07,
2026-10-04,memoryindex,HBM3E-36G,36,2105,58.47,USD / stack,0.25,0.37,14,TrendForce citing Seoul Economic Daily spot-market reporting,2026-09-01,
2026-10-04,memoryindex,HBM4-48G,48,3502,72.96,USD / stack,0.71,-0.26,0,TrendForce citing Seoul Economic Daily spot-market reporting,2026-09-01,
2026-10-05,memoryindex,HBM3-24G,24,200.51,8.35,USD / stack,0.27,0.01,4,Silicon Analysts HBM pricing table,2026-07,
2026-10-05,memoryindex,HBM3E-36G,36,2101,58.36,USD / stack,-0.19,-0.38,14,TrendForce citing Seoul Economic Daily spot-market reporting,2026-09-01,
2026-10-05,memoryindex,HBM4-48G,48,3530,73.54,USD / stack,0.81,0.03,0,TrendForce citing Seoul Economic Daily spot-market reporting,2026-09-01,
2026-10-06,memoryindex,HBM3-24G,24,200.17,8.34,USD / stack,-0.17,0.1,4,Silicon Analysts HBM pricing table,2026-07,
2026-10-06,memoryindex,HBM3E-36G,36,2107,58.53,USD / stack,0.27,-0.08,14,TrendForce citing Seoul Economic Daily spot-market reporting,2026-09-01,
2026-10-06,memoryindex,HBM4-48G,48,3495,72.81,USD / stack,-1,-0.83,0,TrendForce citing Seoul Economic Daily spot-market reporting,2026-09-01,
2026-10-07,memoryindex,HBM3-24G,24,199.84,8.33,USD / stack,-0.16,-0.07,4,Silicon Analysts HBM pricing table,2026-07,
2026-10-07,memoryindex,HBM3E-36G,36,2093,58.14,USD / stack,-0.67,-0.44,14,TrendForce citing Seoul Economic Daily spot-market reporting,2026-09-01,
2026-10-07,memoryindex,HBM4-48G,48,3469,72.27,USD / stack,-0.73,-0.84,0,TrendForce citing Seoul Economic Daily spot-market reporting,2026-09-01,
