date,source,category,avg_price,min_price,max_price,sample_count
2025-10-21,ramradar,DDR4,4.72,4.72,4.72,1
2025-10-22,ramradar,DDR4,4.72,4.72,4.72,1
2025-10-23,ramradar,DDR4,4.72,4.72,4.72,1
2025-10-24,ramradar,DDR4,4.72,4.72,4.72,1
2025-10-25,ramradar,DDR4,4.72,4.72,4.72,1
2025-10-26,ramradar,DDR4,4.72,4.72,4.72,1
2025-10-27,ramradar,DDR4,4.72,4.72,4.72,1
2025-10-28,ramradar,DDR4,4.72,4.72,4.72,1
2025-10-29,ramradar,DDR4,4.72,4.72,4.72,1
2025-10-30,ramradar,DDR4,4.72,4.72,4.72,1
2025-10-31,ramradar,DDR4,4.72,4.72,4.72,1
2025-11-01,ramradar,DDR4,4.72,4.72,4.72,1
2025-11-02,ramradar,DDR4,4.72,4.72,4.72,1
2025-11-03,ramradar,DDR4,4.72,4.72,4.72,1
2025-11-04,ramradar,DDR4,4.72,4.72,4.72,1
2025-11-05,ramradar,DDR4,4.72,4.72,4.72,1
2025-11-06,ramradar,DDR4,4.72,4.72,4.72,1
2025-11-07,ramradar,DDR4,4.72,4.72,4.72,1
2025-11-08,ramradar,DDR4,4.72,4.72,4.72,1
2025-11-09,ramradar,DDR4,4.72,4.72,4.72,1
2025-11-10,ramradar,DDR4,4.72,4.72,4.72,1
2025-11-11,ramradar,DDR4,4.72,4.72,4.72,1
2025-11-12,ramradar,DDR4,4.72,4.72,4.72,1
2025-11-13,ramradar,DDR4,4.72,4.72,4.72,1
2025-11-14,ramradar,DDR4,4.72,4.72,4.72,1
2025-11-15,ramradar,DDR4,4.72,4.72,4.72,1
2025-11-16,ramradar,DDR4,4.72,4.72,4.72,1
2025-11-17,ramradar,DDR4,4.72,4.72,4.72,1
2025-11-18,ramradar,DDR4,4.72,4.72,4.72,1
2025-11-19,ramradar,DDR4,5.33,4.72,5.94,2
2025-11-20,ramradar,DDR4,5.19,4.72,5.94,3
2025-11-21,ramradar,DDR4,5.19,4.72,5.94,3
2025-11-22,ramradar,DDR4,5.19,4.72,5.94,3
2025-11-23,ramradar,DDR4,5.19,4.72,5.94,3
2025-11-24,ramradar,DDR4,5.49,4.72,6.41,4
2025-11-24,ramradar,DDR5,7.59,7.59,7.59,1
2025-11-25,ramradar,DDR4,5.72,4.72,6.56,8
2025-11-25,ramradar,DDR5,9.76,7.59,10.94,6
2025-11-26,ramradar,DDR4,5.72,4.72,6.56,8
2025-11-26,ramradar,DDR5,10.13,7.59,12.5,13
2025-11-27,ramradar,DDR4,5.72,4.72,6.56,10
2025-11-27,ramradar,DDR5,10.17,7.59,12.5,15
2025-11-28,ramradar,DDR4,5.81,4.72,8.15,16
2025-11-28,ramradar,DDR5,10.32,7.59,12.52,16
2025-11-29,ramradar,DDR4,5.76,4.72,8.15,18
2025-11-29,ramradar,DDR5,10.49,7.59,14.11,20
2025-11-30,ramradar,DDR4,5.97,4.72,8.15,23
2025-11-30,ramradar,DDR5,10.8,7.59,18.68,27
2025-12-01,ramradar,DDR4,6.04,4.72,8.15,26
2025-12-01,ramradar,DDR5,10.69,6.2,18.68,36
2025-12-02,ramradar,DDR4,6.04,4.72,8.15,26
2025-12-02,ramradar,DDR5,10.6,6.2,18.68,39
2025-12-03,ramradar,DDR4,6.11,4.72,8.15,28
2025-12-03,ramradar,DDR5,10.53,6.2,18.68,41
2025-12-04,ramradar,DDR4,5.91,2.6,8.15,32
2025-12-04,ramradar,DDR5,10.44,6.2,18.68,45
2025-12-05,ramradar,DDR4,5.91,2.6,8.15,32
2025-12-05,ramradar,DDR5,10.52,6.2,18.68,48
2025-12-06,ramradar,DDR4,5.91,2.6,8.15,32
2025-12-06,ramradar,DDR5,10.51,6.2,18.68,50
2025-12-07,ramradar,DDR4,5.95,2.6,8.15,33
2025-12-07,ramradar,DDR5,10.7,6.2,22.68,52
2025-12-08,ramradar,DDR4,5.95,2.6,8.15,33
2025-12-08,ramradar,DDR5,10.7,6.2,22.68,52
2025-12-09,ramradar,DDR4,5.85,2.36,8.15,34
2025-12-09,ramradar,DDR5,10.7,6.2,22.68,52
2025-12-10,ramradar,DDR4,5.85,2.36,8.15,34
2025-12-10,ramradar,DDR5,10.7,6.2,22.68,52
2025-12-11,ramradar,DDR4,5.93,2.36,9.85,34
2025-12-11,ramradar,DDR5,10.87,6.2,22.68,55
2025-12-12,ramradar,DDR4,5.93,2.36,9.85,34
2025-12-12,ramradar,DDR5,10.98,6.2,22.68,55
2025-12-13,ramradar,DDR4,5.93,2.36,9.85,34
2025-12-13,ramradar,DDR5,10.93,6.2,22.68,56
2025-12-14,ramradar,DDR4,5.93,2.36,9.85,34
2025-12-14,ramradar,DDR5,10.84,6,22.68,57
2025-12-15,ramradar,DDR4,5.93,2.36,9.85,35
2025-12-15,ramradar,DDR5,10.84,6,22.68,57
2025-12-16,ramradar,DDR4,5.92,2.36,9.85,36
2025-12-16,ramradar,DDR5,10.84,6,22.68,57
2025-12-17,ramradar,DDR4,5.92,2.36,9.85,36
2025-12-17,ramradar,DDR5,10.76,6,22.68,58
2025-12-18,ramradar,DDR4,5.95,2.36,9.85,36
2025-12-18,ramradar,DDR5,10.76,6,22.68,58
2025-12-19,ramradar,DDR4,5.95,2.36,9.85,36
2025-12-19,ramradar,DDR5,10.79,6,22.68,59
2025-12-20,ramradar,DDR4,5.95,2.36,9.85,36
2025-12-20,ramradar,DDR5,10.72,6,22.68,60
2025-12-21,ramradar,DDR4,5.95,2.36,9.85,36
2025-12-21,ramradar,DDR5,10.72,6,22.68,60
2025-12-22,ramradar,DDR4,5.95,2.36,9.85,36
2025-12-22,ramradar,DDR5,10.71,6,22.68,62
2025-12-23,ramradar,DDR4,5.97,2.36,9.85,37
2025-12-23,ramradar,DDR5,10.71,6,22.68,64
2025-12-24,ramradar,DDR4,5.97,2.36,9.85,37
2025-12-24,ramradar,DDR5,10.71,6,22.68,64
2025-12-25,ramradar,DDR4,5.97,2.36,9.85,37
2025-12-25,ramradar,DDR5,10.71,6,22.68,64
2025-12-26,ramradar,DDR4,5.97,2.36,9.85,37
2025-12-26,ramradar,DDR5,10.71,6,22.68,64
2025-12-27,ramradar,DDR4,5.97,2.36,9.85,37
2025-12-27,ramradar,DDR5,10.71,6,22.68,64
2025-12-28,ramradar,DDR4,5.97,2.36,9.85,37
2025-12-28,ramradar,DDR5,10.7,6,22.68,66
2025-12-29,ramradar,DDR4,5.97,2.36,9.85,37
2025-12-29,ramradar,DDR5,10.75,6,22.68,66
2025-12-30,ramradar,DDR4,5.97,2.36,9.85,37
2025-12-30,ramradar,DDR5,10.75,6,22.68,66
2025-12-31,ramradar,DDR4,6.06,2.36,9.85,38
2025-12-31,ramradar,DDR5,10.77,6,22.68,66
2026-01-01,ramradar,DDR4,6.1,2.36,9.85,38
2026-01-01,ramradar,DDR5,10.71,6,22.68,66
2026-01-02,ramradar,DDR4,6.1,2.36,9.85,38
2026-01-02,ramradar,DDR5,10.71,6,22.68,66
2026-01-03,ramradar,DDR4,6.1,2.36,9.85,38
2026-01-03,ramradar,DDR5,10.71,6,22.68,66
2026-01-04,ramradar,DDR4,6.1,2.36,9.85,38
2026-01-04,ramradar,DDR5,10.71,6,22.68,66
2026-01-05,ramradar,DDR4,6.09,2.36,9.85,39
2026-01-05,ramradar,DDR5,10.71,6,22.68,66
2026-01-06,ramradar,DDR4,6.09,2.36,9.85,39
2026-01-06,ramradar,DDR5,10.71,6,22.68,66
2026-01-07,ramradar,DDR4,6.09,2.36,9.85,39
2026-01-07,ramradar,DDR5,10.71,6,22.68,66
2026-01-08,ramradar,DDR4,6.09,2.36,9.85,40
2026-01-08,ramradar,DDR5,10.79,6,22.68,66
2026-01-09,ramradar,DDR4,6.44,2.36,20.31,41
2026-01-09,ramradar,DDR5,10.79,6,22.68,66
2026-01-10,ramradar,DDR4,6.44,2.36,20.31,41
2026-01-10,ramradar,DDR5,10.8,6,22.68,66
2026-01-11,ramradar,DDR4,6.44,2.36,20.31,41
2026-01-11,ramradar,DDR5,10.85,6,22.68,66
2026-01-12,ramradar,DDR4,6.47,2.36,20.31,41
2026-01-12,ramradar,DDR5,10.89,6,22.68,66
2026-01-13,ramradar,DDR4,6.58,2.36,20.31,41
2026-01-13,ramradar,DDR5,10.9,6,22.68,66
2026-01-14,ramradar,DDR4,6.49,2.36,20.31,41
2026-01-14,ramradar,DDR5,10.95,6,22.68,66
2026-01-15,ramradar,DDR4,6.54,2.36,20.31,42
2026-01-15,ramradar,DDR5,11,6,22.68,66
2026-01-16,ramradar,DDR4,6.54,2.36,20.31,42
2026-01-16,ramradar,DDR5,11,6,22.68,66
2026-01-17,ramradar,DDR4,6.68,2.36,20.31,42
2026-01-17,ramradar,DDR5,11,6,22.68,66
2026-01-18,ramradar,DDR4,6.7,2.36,20.31,42
2026-01-18,ramradar,DDR5,10.93,6,22.68,66
2026-01-19,ramradar,DDR4,6.7,2.36,20.31,42
2026-01-19,ramradar,DDR5,10.92,6,22.68,66
2026-01-20,ramradar,DDR4,6.93,2.36,20.31,43
2026-01-20,ramradar,DDR5,10.93,6,22.68,66
2026-01-21,ramradar,DDR4,6.93,2.36,20.31,43
2026-01-21,ramradar,DDR5,10.93,4.84,22.68,67
2026-01-22,ramradar,DDR4,6.93,2.36,20.31,43
2026-01-22,ramradar,DDR5,10.93,4.84,22.68,67
2026-01-23,ramradar,DDR4,6.92,2.36,20.31,43
2026-01-23,ramradar,DDR5,10.94,4.84,22.68,67
2026-01-24,ramradar,DDR4,6.92,2.36,20.31,43
2026-01-24,ramradar,DDR5,10.94,4.84,22.68,67
2026-01-25,ramradar,DDR4,7.02,2.36,20.31,44
2026-01-25,ramradar,DDR5,10.94,4.84,22.68,67
2026-01-26,ramradar,DDR4,7.01,2.36,20.31,44
2026-01-26,ramradar,DDR5,10.92,4.84,22.68,67
2026-01-27,ramradar,DDR4,7.01,2.36,20.31,44
2026-01-27,ramradar,DDR5,10.99,4.84,22.68,67
2026-01-28,ramradar,DDR4,7.01,2.36,20.31,44
2026-01-28,ramradar,DDR5,10.99,4.84,22.68,67
2026-01-29,ramradar,DDR4,7.01,2.36,20.31,44
2026-01-29,ramradar,DDR5,10.99,4.84,22.68,67
2026-01-30,ramradar,DDR4,7.01,2.36,20.31,44
2026-01-30,ramradar,DDR5,10.99,4.84,22.68,67
2026-01-31,ramradar,DDR4,7.08,2.36,20.31,44
2026-01-31,ramradar,DDR5,11.06,4.84,22.68,68
2026-02-01,ramradar,DDR4,7.08,2.36,20.31,44
2026-02-01,ramradar,DDR5,11.17,4.84,22.68,68
2026-02-02,ramradar,DDR4,7.11,2.36,20.31,45
2026-02-02,ramradar,DDR5,11.24,4.84,22.68,69
2026-02-03,ramradar,DDR4,7.11,2.36,20.31,45
2026-02-03,ramradar,DDR5,11.24,4.84,22.68,69
2026-02-04,ramradar,DDR4,7.11,2.36,20.31,45
2026-02-04,ramradar,DDR5,11.27,4.84,22.68,70
2026-02-05,ramradar,DDR4,7.11,2.36,20.31,45
2026-02-05,ramradar,DDR5,11.31,4.84,22.68,70
2026-02-06,ramradar,DDR4,7.11,2.36,20.31,45
2026-02-06,ramradar,DDR5,11.32,4.84,22.68,70
2026-02-07,ramradar,DDR4,7.11,2.36,20.31,45
2026-02-07,ramradar,DDR5,11.3,4.84,22.68,70
2026-02-08,ramradar,DDR4,7.11,2.36,20.31,45
2026-02-08,ramradar,DDR5,11.3,4.84,22.68,70
2026-02-09,ramradar,DDR4,7.11,2.36,20.31,45
2026-02-09,ramradar,DDR5,11.33,4.84,22.68,70
2026-02-10,ramradar,DDR4,7.11,2.36,20.31,45
2026-02-10,ramradar,DDR5,11.37,4.84,22.68,70
2026-02-11,ramradar,DDR4,7.11,2.36,20.31,45
2026-02-11,ramradar,DDR5,11.37,4.84,22.68,70
2026-02-12,ramradar,DDR4,7.11,2.36,20.31,45
2026-02-12,ramradar,DDR5,11.37,4.84,22.68,70
2026-02-13,ramradar,DDR4,7.16,2.36,20.31,45
2026-02-13,ramradar,DDR5,11.37,4.84,22.68,70
2026-02-14,ramradar,DDR4,7.16,2.36,20.31,45
2026-02-14,ramradar,DDR5,11.38,4.84,22.68,70
2026-02-15,ramradar,DDR4,7.18,2.36,20.31,45
2026-02-15,ramradar,DDR5,11.38,4.84,22.68,70
2026-02-16,ramradar,DDR4,7.18,2.36,20.31,45
2026-02-16,ramradar,DDR5,11.38,4.84,22.68,70
2026-02-17,ramradar,DDR4,7.18,2.36,20.31,45
2026-02-17,ramradar,DDR5,11.38,4.84,22.68,70
2026-02-18,ramradar,DDR4,7.24,2.36,20.31,45
2026-02-18,ramradar,DDR5,11.38,4.84,22.68,70
2026-02-19,ramradar,DDR4,7.27,2.36,20.31,45
2026-02-19,ramradar,DDR5,11.37,4.84,22.68,70
2026-02-20,ramradar,DDR4,7.21,2.36,20.31,45
2026-02-20,ramradar,DDR5,11.37,4.84,22.68,70
2026-02-21,ramradar,DDR4,7.21,2.36,20.31,45
2026-02-21,ramradar,DDR5,11.37,4.84,22.68,70
2026-02-22,ramradar,DDR4,7.21,2.36,20.31,45
2026-02-22,ramradar,DDR5,11.37,4.84,22.68,70
2026-02-23,ramradar,DDR4,7.24,2.36,20.31,45
2026-02-23,ramradar,DDR5,11.37,4.84,22.68,70
2026-02-24,ramradar,DDR4,7.26,2.36,20.31,46
2026-02-24,ramradar,DDR5,11.37,4.84,22.68,70
2026-02-25,ramradar,DDR4,7.26,2.36,20.31,46
2026-02-25,ramradar,DDR5,11.41,4.84,22.68,70
2026-02-26,ramradar,DDR4,7.26,2.36,20.31,46
2026-02-26,ramradar,DDR5,11.41,4.84,22.68,70
2026-02-27,ramradar,DDR4,7.29,2.36,20.31,46
2026-02-27,ramradar,DDR5,11.58,4.84,22.68,71
2026-02-28,ramradar,DDR4,7.39,2.36,20.31,46
2026-02-28,ramradar,DDR5,11.65,4.84,22.68,71
2026-03-01,ramradar,DDR4,7.49,2.36,20.31,47
2026-03-01,ramradar,DDR5,11.76,4.84,22.68,74
2026-03-02,ramradar,DDR4,7.49,2.36,20.31,47
2026-03-02,ramradar,DDR5,11.65,4.84,22.68,71
2026-03-03,ramradar,DDR4,7.49,2.36,20.31,47
2026-03-03,ramradar,DDR5,11.65,4.84,22.68,71
2026-03-04,ramradar,DDR4,7.49,2.36,20.31,47
2026-03-04,ramradar,DDR5,11.65,4.84,22.68,71
2026-03-05,ramradar,DDR4,7.49,2.36,20.31,47
2026-03-05,ramradar,DDR5,11.65,4.84,22.68,71
2026-03-06,ramradar,DDR4,7.49,2.36,20.31,47
2026-03-06,ramradar,DDR5,11.65,4.84,22.68,71
2026-03-07,ramradar,DDR4,7.49,2.36,20.31,47
2026-03-07,ramradar,DDR5,11.7,4.84,22.68,72
2026-03-08,ramradar,DDR4,7.49,2.36,20.31,47
2026-03-08,ramradar,DDR5,11.65,4.84,22.68,71
2026-03-09,ramradar,DDR4,7.49,2.36,20.31,47
2026-03-09,ramradar,DDR5,11.65,4.84,22.68,71
2026-03-10,ramradar,DDR4,7.49,2.36,20.31,47
2026-03-10,ramradar,DDR5,11.65,4.84,22.68,71
2026-03-11,ramradar,DDR4,7.49,2.36,20.31,47
2026-03-11,ramradar,DDR5,11.65,4.84,22.68,71
2026-03-12,ramradar,DDR4,7.49,2.36,20.31,47
2026-03-12,ramradar,DDR5,11.65,4.84,22.68,71
2026-03-13,ramradar,DDR4,7.49,2.36,20.31,47
2026-03-13,ramradar,DDR5,11.65,4.84,22.68,71
2026-03-14,ramradar,DDR4,7.55,2.36,20.31,49
2026-03-14,ramradar,DDR5,13.06,4.84,22.68,115
2026-03-15,ramradar,DDR4,7.53,2.36,20.31,48
2026-03-15,ramradar,DDR5,12.99,4.84,22.68,109
2026-03-16,ramradar,DDR4,7.54,2.36,20.31,49
2026-03-16,ramradar,DDR5,12.99,4.84,22.68,109
2026-03-17,ramradar,DDR4,7.53,2.36,20.31,48
2026-03-17,ramradar,DDR5,13,4.84,22.68,110
2026-03-18,ramradar,DDR4,7.53,2.36,20.31,48
2026-03-18,ramradar,DDR5,13.02,4.84,22.68,110
2026-03-19,ramradar,DDR4,7.53,2.36,20.31,48
2026-03-19,ramradar,DDR5,13.05,4.84,22.68,113
2026-03-20,ramradar,DDR4,7.63,2.36,20.31,61
2026-03-20,ramradar,DDR5,12.99,4.84,22.68,132
2026-03-21,ramradar,DDR4,7.53,2.36,20.31,48
2026-03-21,ramradar,DDR5,12.98,4.84,22.68,111
2026-03-22,ramradar,DDR4,7.53,2.36,20.31,48
2026-03-22,ramradar,DDR5,12.92,4.8,22.68,110
2026-03-23,ramradar,DDR4,7.53,2.36,20.31,48
2026-03-23,ramradar,DDR5,12.9,3.13,22.68,111
2026-03-24,ramradar,DDR4,7.53,2.36,20.31,48
2026-03-24,ramradar,DDR5,12.99,4.84,22.68,109
2026-03-25,ramradar,DDR4,7.54,2.36,20.31,52
2026-03-25,ramradar,DDR5,12.85,3.52,22.68,111
2026-03-26,ramradar,DDR4,7.54,2.36,20.31,49
2026-03-26,ramradar,DDR5,13.06,4.84,22.68,112
2026-03-27,ramradar,DDR4,7.51,2.36,20.31,49
2026-03-27,ramradar,DDR5,12.96,4.69,22.68,113
2026-03-28,ramradar,DDR4,7.5,2.36,20.31,49
2026-03-28,ramradar,DDR5,12.98,4.84,22.68,112
2026-03-29,ramradar,DDR4,7.4,2.36,20.31,51
2026-03-29,ramradar,DDR5,13.05,4.84,22.68,112
2026-03-30,ramradar,DDR4,7.6,2.36,20.31,51
2026-03-30,ramradar,DDR5,13.09,4.69,22.68,118
2026-03-31,ramradar,DDR4,7.69,2.36,20.31,60
2026-03-31,ramradar,DDR5,13.24,4.67,37.17,136
2026-04-01,ramradar,DDR4,8.74,4.1,32.09,103
2026-04-01,ramradar,DDR5,14.7,2.87,43.75,231
2026-04-02,ramradar,DDR4,8.75,4.1,32.09,103
2026-04-02,ramradar,DDR5,14.7,2.87,43.75,231
2026-04-03,ramradar,DDR4,8.73,4.1,32.09,103
2026-04-03,ramradar,DDR5,14.68,2.75,43.31,231
2026-04-04,ramradar,DDR4,8.72,4.1,32.09,103
2026-04-04,ramradar,DDR5,14.66,2.75,43.31,231
2026-04-05,ramradar,DDR4,8.7,4.1,32.09,103
2026-04-05,ramradar,DDR5,14.56,2.75,35.48,231
2026-04-06,ramradar,DDR4,8.71,4.1,32.09,103
2026-04-06,ramradar,DDR5,14.54,2.75,35.48,231
2026-04-07,ramradar,DDR4,8.68,4.1,32.09,103
2026-04-07,ramradar,DDR5,14.47,2.75,35.48,231
2026-04-08,ramradar,DDR4,8.73,4.1,32.09,100
2026-04-08,ramradar,DDR5,14.46,2.75,35.48,222
2026-04-09,ramradar,DDR4,8.72,4.1,32.09,100
2026-04-09,ramradar,DDR5,14.46,2.75,35.48,222
2026-04-10,ramradar,DDR4,8.72,4.1,32.09,100
2026-04-10,ramradar,DDR5,14.43,2.75,35.48,222
2026-04-11,ramradar,DDR4,8.72,4.1,32.09,100
2026-04-11,ramradar,DDR5,14.43,2.75,35.48,222
2026-04-12,ramradar,DDR4,8.72,4.1,32.09,100
2026-04-12,ramradar,DDR5,14.43,2.75,35.48,222
2026-04-13,ramradar,DDR4,8.75,4.1,32.09,100
2026-04-13,ramradar,DDR5,14.43,2.75,35.48,222
2026-04-14,ramradar,DDR4,8.75,4.1,32.09,100
2026-04-14,ramradar,DDR5,14.43,2.75,35.48,222
2026-04-15,ramradar,DDR4,8.75,4.1,32.09,100
2026-04-15,ramradar,DDR5,14.43,2.75,35.48,222
2026-04-16,ramradar,DDR4,8.76,4.1,32.09,100
2026-04-16,ramradar,DDR5,14.43,2.75,35.48,222
2026-04-17,ramradar,DDR4,8.76,4.1,32.09,100
2026-04-17,ramradar,DDR5,14.45,2.75,35.48,222
2026-04-18,ramradar,DDR4,8.75,4.1,32.09,100
2026-04-18,ramradar,DDR5,14.43,2.75,35.48,222
2026-04-19,ramradar,DDR4,8.75,4.1,32.09,100
2026-04-19,ramradar,DDR5,14.43,2.75,35.48,222
2026-04-20,ramradar,DDR4,8.74,4.1,32.09,100
2026-04-20,ramradar,DDR5,14.43,2.75,35.48,222
2026-04-21,ramradar,DDR4,8.74,4.1,32.09,100
2026-04-21,ramradar,DDR5,14.42,2.75,35.48,222
2026-04-22,ramradar,DDR4,8.73,4.1,32.09,100
2026-04-22,ramradar,DDR5,14.41,2.75,35.48,222
2026-04-23,ramradar,DDR4,8.73,4.1,32.09,100
2026-04-23,ramradar,DDR5,14.39,2.75,35.48,222
2026-04-24,ramradar,DDR4,8.72,4.1,32.09,100
2026-04-24,ramradar,DDR5,14.39,2.75,35.48,222
2026-04-25,ramradar,DDR4,8.73,4.1,32.09,100
2026-04-25,ramradar,DDR5,14.39,2.75,35.48,222
2026-04-26,ramradar,DDR4,8.73,4.1,32.09,100
2026-04-26,ramradar,DDR5,14.38,2.75,35.48,222
2026-04-27,ramradar,DDR4,8.75,4.1,32.09,100
2026-04-27,ramradar,DDR5,14.38,2.75,35.48,222
2026-04-28,ramradar,DDR4,8.75,4.1,32.09,100
2026-04-28,ramradar,DDR5,14.39,2.75,35.48,222
2026-04-29,ramradar,DDR4,8.74,4.1,32.09,100
2026-04-29,ramradar,DDR5,14.43,2.75,35.48,222
2026-04-30,ramradar,DDR4,8.74,4.1,32.09,100
2026-04-30,ramradar,DDR5,14.42,2.75,35.48,222
2026-05-01,ramradar,DDR4,8.75,4.1,32.09,100
2026-05-01,ramradar,DDR5,14.42,2.75,35.48,222
2026-05-02,ramradar,DDR4,8.75,4.1,32.09,100
2026-05-02,ramradar,DDR5,14.41,2.75,35.48,222
2026-05-03,ramradar,DDR4,8.75,4.1,32.09,100
2026-05-03,ramradar,DDR5,14.38,2.75,35.48,222
2026-05-04,ramradar,DDR4,8.75,4.1,32.09,100
2026-05-04,ramradar,DDR5,14.39,2.75,35.48,222
2026-05-05,ramradar,DDR4,8.75,4.1,32.09,100
2026-05-05,ramradar,DDR5,14.39,2.75,35.48,222
2026-05-06,ramradar,DDR4,8.75,4.1,32.09,100
2026-05-06,ramradar,DDR5,14.4,2.75,35.48,222
2026-05-07,ramradar,DDR4,8.75,4.1,32.09,100
2026-05-07,ramradar,DDR5,14.4,2.75,35.48,222
2026-05-08,ramradar,DDR4,8.75,4.1,32.09,100
2026-05-08,ramradar,DDR5,14.4,2.75,35.48,222
2026-05-09,ramradar,DDR4,8.75,4.1,32.09,100
2026-05-09,ramradar,DDR5,14.4,2.75,35.48,222
2026-05-10,ramradar,DDR4,8.67,1.36,32.09,100
2026-05-10,ramradar,DDR5,14.4,2.75,35.48,222
2026-05-11,ramradar,DDR4,8.67,1.33,32.09,100
2026-05-11,ramradar,DDR5,14.4,2.75,35.48,222
2026-05-12,ramradar,DDR4,8.68,1.33,32.09,100
2026-05-12,ramradar,DDR5,14.37,2.75,35.48,222
2026-05-13,ramradar,DDR4,8.68,1.33,32.09,100
2026-05-13,ramradar,DDR5,14.37,2.75,35.48,222
2026-05-14,ramradar,DDR4,8.62,1.33,32.09,100
2026-05-14,ramradar,DDR5,14.39,2.75,35.48,222
2026-05-15,ramradar,DDR4,8.62,1.33,32.09,100
2026-05-15,ramradar,DDR5,14.39,2.75,35.48,222
2026-05-16,ramradar,DDR4,8.62,1.33,32.09,100
2026-05-16,ramradar,DDR5,14.36,2.75,35.48,222
2026-05-17,ramradar,DDR4,8.63,1.33,32.09,100
2026-05-17,ramradar,DDR5,14.36,2.75,35.48,222
2026-05-18,ramradar,DDR4,8.67,1.33,32.09,100
2026-05-18,ramradar,DDR5,14.36,2.75,35.48,222
2026-05-19,ramradar,DDR4,8.65,1.33,32.09,100
2026-05-19,ramradar,DDR5,14.36,2.75,35.48,222
2026-05-20,ramradar,DDR4,8.64,1.33,32.09,100
2026-05-20,ramradar,DDR5,14.33,2.75,35.48,222
2026-05-21,ramradar,DDR4,8.65,1.33,32.09,100
2026-05-21,ramradar,DDR5,14.33,2.75,35.48,222
2026-05-22,ramradar,DDR4,8.6,1.33,32.09,100
2026-05-22,ramradar,DDR5,14.33,2.75,35.48,222
2026-05-23,ramradar,DDR4,8.58,1.33,32.09,100
2026-05-23,ramradar,DDR5,14.36,2.75,35.48,222
2026-05-24,ramradar,DDR4,7.24,1.33,10.62,32
2026-05-24,ramradar,DDR5,13.28,3.12,21.87,99
2026-05-25,ramradar,DDR4,8.48,1.52,26.67,111
2026-05-25,ramradar,DDR5,15.91,3.17,28.47,243
2026-05-26,ramradar,DDR4,8.49,1.33,26.67,111
2026-05-26,ramradar,DDR5,15.88,3.17,28.47,243
2026-05-27,ramradar,DDR4,8.48,1.33,26.67,111
2026-05-27,ramradar,DDR5,15.92,3.17,28.47,243
2026-05-28,ramradar,DDR4,8.48,1.33,26.67,111
2026-05-28,ramradar,DDR5,15.89,3.17,28.47,243
2026-05-29,ramradar,DDR4,6.76,2.82,21.25,93
2026-05-29,ramradar,DDR5,11.68,6.77,25.41,231
2026-05-30,ramradar,DDR4,6.76,2.82,21.25,93
2026-05-30,ramradar,DDR5,11.68,6.77,25.41,231
2026-05-31,ramradar,DDR4,6.76,2.82,21.25,93
2026-05-31,ramradar,DDR5,11.72,6.77,25.41,231
2026-06-01,ramradar,DDR4,6.76,2.82,21.25,93
2026-06-01,ramradar,DDR5,11.72,6.77,25.41,231
2026-06-02,ramradar,DDR4,7.43,2.82,21.25,88
2026-06-02,ramradar,DDR5,12.61,6.79,31.23,205
2026-06-03,ramradar,DDR4,7.47,2.82,21.25,88
2026-06-03,ramradar,DDR5,12.51,2.03,31.24,206
2026-06-04,ramradar,DDR4,7.39,4.79,11.54,90
2026-06-04,ramradar,DDR5,12.65,9.2,21.25,206
2026-06-05,ramradar,DDR4,7.42,4.79,11.17,90
2026-06-05,ramradar,DDR5,12.6,8.35,21.25,206
2026-06-06,ramradar,DDR4,7.51,4.91,11.2,91
2026-06-06,ramradar,DDR5,12.69,9.2,21.25,206
2026-06-07,ramradar,DDR4,7.59,4.95,11.52,91
2026-06-07,ramradar,DDR5,12.63,8.97,21.25,206
2026-06-08,ramradar,DDR4,7.6,4.91,11.49,92
2026-06-08,ramradar,DDR5,12.68,9.2,20.97,206
2026-06-09,ramradar,DDR4,7.59,4.91,11.46,93
2026-06-09,ramradar,DDR5,12.75,9.2,21.25,206
2026-06-10,ramradar,DDR4,7.52,4.91,11.46,93
2026-06-10,ramradar,DDR5,12.81,9.2,21.62,209
2026-06-11,ramradar,DDR4,7.54,5,11.52,93
2026-06-11,ramradar,DDR5,12.77,9.2,20.57,210
2026-06-12,ramradar,DDR4,7.51,5,10.88,93
2026-06-12,ramradar,DDR5,12.79,8.73,20.57,210
2026-06-13,ramradar,DDR4,7.35,4.37,10.88,93
2026-06-13,ramradar,DDR5,12.71,8.62,21.25,210
2026-06-14,ramradar,DDR4,7.31,4.37,10.88,93
2026-06-14,ramradar,DDR5,12.86,8.67,21.25,210
2026-06-15,ramradar,DDR4,7.24,4.37,10.88,93
2026-06-15,ramradar,DDR5,13.07,8.45,21.25,211
2026-06-16,ramradar,DDR4,7.2,4.37,10.78,94
2026-06-16,ramradar,DDR5,12.96,8.45,21.25,211
2026-06-17,ramradar,DDR4,7.16,4.37,10.58,95
2026-06-17,ramradar,DDR5,13.31,9.4,21.25,211
2026-06-18,ramradar,DDR4,7.18,4.58,10.62,95
2026-06-18,ramradar,DDR5,13.25,9.4,21.25,211
2026-06-19,ramradar,DDR4,7.21,4.58,10.62,95
2026-06-19,ramradar,DDR5,13.24,8.98,21.56,211
2026-06-20,ramradar,DDR4,7.14,4.58,10.62,95
2026-06-20,ramradar,DDR5,13.46,8.91,21.87,211
2026-06-21,ramradar,DDR4,7.18,4.37,10.78,96
2026-06-21,ramradar,DDR5,13.51,9.27,21.56,211
2026-06-22,ramradar,DDR4,7.18,4.37,10.78,96
2026-06-22,ramradar,DDR5,13.47,9.27,21.25,211
2026-06-23,ramradar,DDR4,7.06,4.22,10.62,96
2026-06-23,ramradar,DDR5,13.52,9.35,21.53,212
2026-06-24,ramradar,DDR4,7,3.96,10.58,96
2026-06-24,ramradar,DDR5,13.51,9.34,21.21,212
2026-06-25,ramradar,DDR4,6.92,3.74,10.57,97
2026-06-25,ramradar,DDR5,13.24,9.33,21.21,212
2026-06-26,ramradar,DDR4,6.95,3.74,10.11,97
2026-06-26,ramradar,DDR5,13.14,8.59,21.19,213
2026-06-27,ramradar,DDR4,6.86,3.74,10.11,97
2026-06-27,ramradar,DDR5,13.2,9.33,21.19,213
2026-06-28,ramradar,DDR4,6.93,3.74,10.11,97
2026-06-28,ramradar,DDR5,13.26,9.34,21.19,213
2026-06-29,ramradar,DDR4,6.97,3.75,10.08,98
2026-06-29,ramradar,DDR5,13.33,9.21,21.19,213
2026-06-30,ramradar,DDR4,6.99,3.75,10.08,98
2026-06-30,ramradar,DDR5,13.44,9.33,21.19,212
2026-07-01,ramradar,DDR4,7.03,3.72,10.62,98
2026-07-01,ramradar,DDR5,13.8,9.34,21.25,214
2026-07-02,ramradar,DDR4,7,3.75,10.62,98
2026-07-02,ramradar,DDR5,13.7,9.34,21.26,214
2026-07-03,ramradar,DDR4,7.06,3.72,10.62,99
2026-07-03,ramradar,DDR5,13.98,9.33,21.42,214
2026-07-04,ramradar,DDR4,7.12,3.72,10.62,99
2026-07-04,ramradar,DDR5,14.08,9.34,21.4,214
2026-07-05,ramradar,DDR4,7.07,3.72,10.62,99
2026-07-05,ramradar,DDR5,14.17,9.34,21.4,214
2026-07-06,ramradar,DDR4,7.06,3.72,10.62,99
2026-07-06,ramradar,DDR5,14.12,9.34,21.95,215
2026-07-07,ramradar,DDR4,7.08,3.72,10.62,99
2026-07-07,ramradar,DDR5,14.28,9.13,21.75,215
2026-07-08,ramradar,DDR4,7.14,3.72,10.62,99
2026-07-08,ramradar,DDR5,14.25,9.34,21.87,216
2026-07-09,ramradar,DDR4,7.01,3.69,10.62,99
2026-07-09,ramradar,DDR5,14.18,9.34,21.87,216
2026-07-10,ramradar,DDR4,6.91,4.02,10.02,100
2026-07-10,ramradar,DDR5,14.19,9.34,21.84,214
2026-07-11,ramradar,DDR4,6.95,4.02,10.02,100
2026-07-11,ramradar,DDR5,14.13,9.35,21.58,214
2026-07-12,ramradar,DDR4,7.04,4.03,9.99,101
2026-07-12,ramradar,DDR5,14.16,9.35,21.28,214
2026-07-13,ramradar,DDR4,7.02,4.03,9.99,101
2026-07-13,ramradar,DDR5,14.28,9.35,21.28,214
2026-07-14,ramradar,DDR4,6.89,3.72,10.45,104
2026-07-14,ramradar,DDR5,14.55,7.72,21.7,200
2026-07-15,ramradar,DDR4,6.95,3.72,10.45,104
2026-07-15,ramradar,DDR5,14.53,7.72,21.47,200
2026-07-16,ramradar,DDR4,6.99,3.72,10.61,104
2026-07-16,ramradar,DDR5,14.44,7.77,21.33,199
2026-07-17,ramradar,DDR4,7.1,3.75,11.02,103
2026-07-17,ramradar,DDR5,14.53,7.78,21.33,199
2026-07-18,ramradar,DDR4,7.05,3.75,10.63,101
2026-07-18,ramradar,DDR5,14.75,9.32,21.33,199
2026-07-19,ramradar,DDR4,6.96,3.72,10.63,101
2026-07-19,ramradar,DDR5,14.79,9.33,21.33,199
2026-07-20,ramradar,DDR4,7.1,3.72,10.63,101
2026-07-20,ramradar,DDR5,14.71,9.33,21.28,199
2026-07-21,ramradar,DDR4,7.09,3.72,10.62,101
2026-07-21,ramradar,DDR5,14.68,9.3,21.29,199
2026-07-22,ramradar,DDR4,7.1,3.72,10.62,102
2026-07-22,ramradar,DDR5,14.8,9.27,21.3,198
2026-07-23,ramradar,DDR4,7.63,3.73,15.68,105
2026-07-23,ramradar,DDR5,14.77,9.24,21.38,198
2026-07-24,ramradar,DDR4,7.46,3.72,15.68,105
2026-07-24,ramradar,DDR5,14.75,9.4,21.28,202
2026-07-25,ramradar,DDR4,7.5,3.72,15.68,105
2026-07-25,ramradar,DDR5,14.79,9.41,21.28,202
2026-07-26,ramradar,DDR4,7.44,3.72,15.68,105
2026-07-26,ramradar,DDR5,14.79,9.4,21.28,202
2026-07-27,ramradar,DDR4,7.44,3.72,15.68,105
2026-07-27,ramradar,DDR5,14.79,9.37,21.28,201
2026-07-28,ramradar,DDR4,7.4,3.72,15.68,100
2026-07-28,ramradar,DDR5,14.96,10.3,21.28,187
2026-07-29,ramradar,DDR4,7.44,4.05,15.68,100
2026-07-29,ramradar,DDR5,15.05,8.9,21.65,189
2026-07-30,ramradar,DDR4,7.48,4.05,15.68,100
2026-07-30,ramradar,DDR5,15.02,8.94,21.61,190
2026-07-31,ramradar,DDR4,7.49,4.05,15.68,100
2026-07-31,ramradar,DDR5,14.84,8.96,21.61,190
2026-08-01,ramradar,DDR4,7.48,4.05,15.68,100
2026-08-01,ramradar,DDR5,14.81,10.3,21.28,188
2026-08-02,ramradar,DDR4,7.46,4.03,15.68,99
2026-08-02,ramradar,DDR5,14.83,10.3,21.68,188
2026-08-03,ramradar,DDR4,7.53,4.03,15.68,99
2026-08-03,ramradar,DDR5,14.93,10.21,22.43,188
2026-08-04,ramradar,DDR4,7.54,4.03,15.68,99
2026-08-04,ramradar,DDR5,14.83,8.98,22.04,188
2026-08-05,ramradar,DDR4,7.56,4.2,15.68,99
2026-08-05,ramradar,DDR5,14.7,9.38,21.28,187
2026-08-06,ramradar,DDR4,7.59,4.2,15.68,99
2026-08-06,ramradar,DDR5,14.78,9.38,21.28,186
2026-08-07,ramradar,DDR4,7.7,4.81,15.68,99
2026-08-07,ramradar,DDR5,14.76,9.64,21.28,186
2026-08-08,ramradar,DDR4,7.63,4.72,15.68,98
2026-08-08,ramradar,DDR5,14.75,9.57,21.58,188
2026-08-09,ramradar,DDR4,7.7,4.72,15.68,98
2026-08-09,ramradar,DDR5,14.67,9.76,21.84,188
2026-08-10,ramradar,DDR4,7.63,4.72,12.5,98
2026-08-10,ramradar,DDR5,14.61,9.54,21.84,188
2026-08-11,ramradar,DDR4,7.6,4.62,12.5,98
2026-08-11,ramradar,DDR5,14.82,10.6,21.83,189
2026-08-12,ramradar,DDR4,7.72,4.66,12.5,96
2026-08-12,ramradar,DDR5,14.66,9.55,22.82,189
2026-08-13,ramradar,DDR4,7.71,4.63,12.5,97
2026-08-13,ramradar,DDR5,14.91,9.43,23.54,192
2026-08-14,ramradar,DDR4,7.55,4.61,11.05,96
2026-08-14,ramradar,DDR5,15.04,9.93,23.88,192
2026-08-15,ramradar,DDR4,7.64,4.63,12.5,97
2026-08-15,ramradar,DDR5,15.22,10.01,23.98,194
2026-08-16,ramradar,DDR4,7.66,4.69,12.5,97
2026-08-16,ramradar,DDR5,15.12,10.06,23.97,195
2026-08-17,ramradar,DDR4,7.68,4.69,12.5,97
2026-08-17,ramradar,DDR5,14.64,9.95,23.37,192
2026-08-18,ramradar,DDR4,7.6,4.66,12.5,97
2026-08-18,ramradar,DDR5,14.76,9.95,23.37,192
2026-08-19,ramradar,DDR4,7.61,4.69,12.5,97
2026-08-19,ramradar,DDR5,15.27,10.06,23.89,193
2026-08-20,ramradar,DDR4,7.69,4.69,12.5,97
2026-08-20,ramradar,DDR5,15.25,9.99,23.89,192
2026-08-21,ramradar,DDR4,7.63,4.59,13,97
2026-08-21,ramradar,DDR5,15.52,10.06,23.89,192
2026-08-22,ramradar,DDR4,7.62,4.69,13,97
2026-08-22,ramradar,DDR5,15.5,10.16,23.92,194
2026-08-23,ramradar,DDR4,7.61,4.69,13,97
2026-08-23,ramradar,DDR5,15.49,10.14,24.49,193
2026-08-24,ramradar,DDR4,7.62,4.69,13,97
2026-08-24,ramradar,DDR5,15.57,10.14,24.54,193
2026-08-25,ramradar,DDR4,7.77,4.69,13,97
2026-08-25,ramradar,DDR5,15.89,10.4,25.39,193
2026-08-26,ramradar,DDR4,7.93,4.69,15.7,97
2026-08-26,ramradar,DDR5,16.08,10.31,24.61,192
2026-08-27,ramradar,DDR4,7.91,4.96,12.5,97
2026-08-27,ramradar,DDR5,16.35,11.16,26.09,196
2026-08-28,ramradar,DDR4,7.9,4.81,12.5,97
2026-08-28,ramradar,DDR5,16.26,11.05,26,196
